{
    "structure.ctov.large.village_beach": "Vila da Praia(Grande)",
    "structure.ctov.medium.village_beach": "Vila da Praia(Média)",
    "structure.ctov.small.village_beach": "Vila da Praia(Pequena)",
    "structure.ctov.large.village_christmas": "Vila Natalina(Grande)",
    "structure.ctov.medium.village_christmas": "Vila Natalina(Média)",
    "structure.ctov.small.village_christmas": "Vila Natalina(Pequena)",
    "structure.ctov.large.village_dark_forest": "Vila da Floresta Escura(Grande)",
    "structure.ctov.medium.village_dark_forest": "Vila da Floresta Escura(Média)",
    "structure.ctov.small.village_dark_forest": "Vila da Floresta Escura(Pequena)",
    "structure.ctov.large.village_desert": "Vila do Deserto(Grande)",
    "structure.ctov.medium.village_desert": "Vila do Deserto(Média)",
    "structure.ctov.small.village_desert": "Vila do Deserto(Pequena)",
    "structure.ctov.large.village_desert_fortified": "Vila Fortificada do Deserto(Grande)",
    "structure.ctov.medium.village_desert_fortified": "Vila Fortificada do Deserto(Média)",
    "structure.ctov.small.village_desert_fortified": "Vila Fortificada do Deserto(Pequena)",
    "structure.ctov.large.village_jungle": "Vila da Selva(Grande)",
    "structure.ctov.medium.village_jungle": "Vila da Selva(Média)",
    "structure.ctov.small.village_jungle": "Vila da Selva(Pequena)",
    "structure.ctov.large.village_jungle_tree": "Vila na Árvore da Selva(Grande)",
    "structure.ctov.medium.village_jungle_tree": "Vila na Árvore da Selva(Média)",
    "structure.ctov.small.village_jungle_tree": "Vila na Árvore da Selva(Pequena)",
    "structure.ctov.large.village_mesa": "Vila das Terras Áridas(Grande)",
    "structure.ctov.medium.village_mesa": "Vila das Terras Áridas(Média)",
    "structure.ctov.small.village_mesa": "Vila das Terras Áridas(Pequena)",
    "structure.ctov.large.village_mesa_fortified": "Vila Fortificada das Terras Áridas(Grande)",
    "structure.ctov.medium.village_mesa_fortified": "Vila Fortificada das Terras Áridas(Média)",
    "structure.ctov.small.village_mesa_fortified": "Vila Fortificada das Terras Áridas(Pequena)",
    "structure.ctov.large.village_mountain": "Vila Japonesa(Grande)",
    "structure.ctov.medium.village_mountain": "Vila Japonesa(Média)",
    "structure.ctov.small.village_mountain": "Vila Japonesa(Pequena)",
    "structure.ctov.large.village_mountain_alpine": "Vila Alpina(Grande)",
    "structure.ctov.medium.village_mountain_alpine": "Vila Alpina(Média)",
    "structure.ctov.small.village_mountain_alpine": "Vila Alpina(Pequena)",
    "structure.ctov.large.village_mushroom": "Vila de Cogumelos(Grande)",
    "structure.ctov.medium.village_mushroom": "Vila de Cogumelos(Média)",
    "structure.ctov.small.village_mushroom": "Vila de Cogumelos(Pequena)",
    "structure.ctov.large.village_plains": "Vila das Planícies(Grande)",
    "structure.ctov.medium.village_plains": "Vila das Planícies(Média)",
    "structure.ctov.small.village_plains": "Vila das Planícies(Pequena)",
    "structure.ctov.large.village_plains_fortified": "Vila Fortificada das Planícies(Grande)",
    "structure.ctov.medium.village_plains_fortified": "Vila Fortificada das Planícies(Média)",
    "structure.ctov.small.village_plains_fortified": "Vila Fortificada das Planícies(Pequena)",
    "structure.ctov.large.village_savanna": "Vila da Savana(Grande)",
    "structure.ctov.medium.village_savanna": "Vila da Savana(Média)",
    "structure.ctov.small.village_savanna": "Vila da Savana(Pequena)",
    "structure.ctov.large.village_savanna_na": "Vila Nativa Americana da Savana(Grande)",
    "structure.ctov.medium.village_savanna_na": "Vila Nativa Americana da Savana(Média)",
    "structure.ctov.small.village_savanna_na": "Vila Nativa Americana da Savana(Pequena)",
    "structure.ctov.large.village_snowy": "Vila Nevada(Grande)",
    "structure.ctov.medium.village_snowy": "Vila Nevada(Média)",
    "structure.ctov.small.village_snowy": "Vila Nevada(Pequena)",
    "structure.ctov.large.village_swamp": "Vila do Pântano(Grande)",
    "structure.ctov.medium.village_swamp": "Vila do Pântano(Média)",
    "structure.ctov.small.village_swamp": "Vila do Pântano(Pequena)",
    "structure.ctov.large.village_swamp_fortified": "Vila Fortificada do Pântano(Grande)",
    "structure.ctov.medium.village_swamp_fortified": "Vila Fortificada do Pântano(Média)",
    "structure.ctov.small.village_swamp_fortified": "Vila Fortificada do Pântano(Pequena)",
    "structure.ctov.large.village_taiga": "Vila da Taiga(Grande)",
    "structure.ctov.medium.village_taiga": "Vila da Taiga(Média)",
    "structure.ctov.small.village_taiga": "Vila da Taiga(Pequena)",
    "structure.ctov.large.village_taiga_fortified": "Vila Fortificada da Taiga(Grande)",
    "structure.ctov.medium.village_taiga_fortified": "Vila Fortificada da Taiga(Média)",
    "structure.ctov.small.village_taiga_fortified": "Vila Fortificada da Taiga(Pequena)",
    "structure.ctov.pillager_outpost_beach": "Posto Avançado do Saqueador da Praia",
    "structure.ctov.pillager_outpost_dark_forest": "Posto Avançado do Saqueador da Floresta Escura",
    "structure.ctov.pillager_outpost_desert": "Posto Avançado do Saqueador do Deserto",
    "structure.ctov.pillager_outpost_jungle": "Posto Avançado do  Saqueador da Selva",
    "structure.ctov.pillager_outpost_badlands": "Posto Avançado do Saqueador das Terras Áridas",
    "structure.ctov.pillager_outpost_mountain": "Posto Avançado do Saqueador da Montanha",
    "structure.ctov.pillager_outpost_plains": "Posto Avançado do Saqueador das Planícies",
    "structure.ctov.pillager_outpost_savanna": "Posto Avançado do Saqueador da Savana",
    "structure.ctov.pillager_outpost_snowy": "Posto Avançado do Saqueador Nevado",
    "structure.ctov.pillager_outpost_swamp": "Posto Avançado do Saqueador do Pântano",
    "structure.ctov.pillager_outpost_taiga": "Posto Avançado do Saqueador da Taiga"
}
